[
  {
    "stratège" : [
      {
        "categorieMobile": "stratégie, tour par tour, compétitif",
        "nomMobile": "Échecs : jouer et apprendre",
        "urlMobile": "https://play.google.com/store/apps/details?id=com.chess&gl=BE"
      },
      {
        "categorieMobile": "stratégie",
        "nomMobile": "Plague Inc.",
        "urlMobile": "https://play.google.com/store/apps/details?id=com.miniclip.plagueinc&gl=BE"
      },
      {
        "categorieMobile": "compétitif, stratégie",
        "nomMobile": "Clash of Clans",
        "urlMobile": "https://play.google.com/store/apps/details?id=com.supercell.clashofclans&gl=BE"
      },
      {
        "categoriePc": "compétitif, stratégie",
        "nomPc": "League of Legends",
        "urlPc": "https://na.leagueoflegends.com/fr-fr/"
      },
      {
        "categoriePc": "stratégie, tour par tour",
        "nomPc": "HearthStone",
        "urlPc": "https://playhearthstone.com/fr-fr"
      },
      {
        "categoriePc": "stratégie, aventure",
        "nomPc": "Warcraft III : reforged",
        "urlPc": "https://playwarcraft3.com/fr-fr/"
      },
      {
        "categorieConsole": "stratégie, aventure",
        "nomConsole": "It Takes Two",
        "urlConsole": "https://www.ea.com/fr-fr/games/it-takes-two"
      },
      {
        "categorieConsole": "stratégie, aventure, tour par tour, monde ouvert",
        "nomConsole": "Pokemon bouclier",
        "urlConsole": "https://www.nintendo.be/fr/Jeux/Nintendo-Switch/Pokemon-Bouclier-1522110.html"
      },
      {
        "categorieConsole": "stratégie, aventure",
        "nomConsole": "Northgard",
        "urlConsole": "https://northgard.net/"
      }
    ]
  },
  {
    "leader" : [
      {
        "categorieMobile": "compétitif, multijoueurs",
        "nomMobile": "Tactile Wars",
        "urlMobile": "https://play.google.com/store/apps/details?id=com.ankama.tactilwar&gl=BE"
      },
      {
        "categorieMobile": "compétitif, coopération, multijoueurs",
        "nomMobile": "Brawl Stars",
        "urlMobile": "https://play.google.com/store/apps/details?id=com.supercell.brawlstars&gl=BE"
      },
      {
        "categorieMobile": "compétitif, multijoueurs, coopération",
        "nomMobile": "Pokemon Go",
        "urlMobile": "https://play.google.com/store/apps/details?id=com.nianticlabs.pokemongo&gl=BE"
      },
      {
        "categoriePc": "compétitif, coopération, multijoueurs",
        "nomPc": "Overwatch",
        "urlPc": "https://playoverwatch.com/fr-fr/"
      },
      {
        "categoriePc": "compétitif, coopération, multijoueurs",
        "nomPc": "World of Tanks",
        "urlPc": "https://worldoftanks.eu/join/8076_FR1?pub_id=wot_ong_eu_fr-be_g_s-b_acq_kw_world_of_tanks&xid_source=google&xidMedium=cpc&xid_network=g&xid_campaign_id=200968242&xid_adgroup_id=12889901202&xid_ad_id=425033366140&xid_target_id=kwd-19594335510&xid_keyword=world+of+tanks&xid_placement=&xid_device_type=c&xid_position=&xid_region=1001400&xid_position_type=-&xid_target=&xid_feeditemid=&xidMatchtype=e&xid_clickid=CjwKCAjwhYOFBhBkEiwASF3KGWyITidpBxJvkj3DhOU6xQ7QiGV5w8j9JhLEm5qwQ7PiJsJxS0XKaBoCtGEQAvD_BwE&url=https://worldoftanks.eu&gclid=CjwKCAjwhYOFBhBkEiwASF3KGWyITidpBxJvkj3DhOU6xQ7QiGV5w8j9JhLEm5qwQ7PiJsJxS0XKaBoCtGEQAvD_BwE&sid=SIDtbqmWlTvYTXkrP4SL_RUdclpk5AEYEaUsEn5bEpL3JFWol1v0joNFAhWF3oaUvtOXTcJGHfNpelWl3dnzPXlL49c9MB_141tOfKYV82i3M1V_XpZeDsqKX1F6I2athQ4MFsBqfCUvH-hsoFoopnuHV-ZWQ&enctid=cbeq5zukq9fl&lpsn=WOT+ACQ+WW+About+Game+AB-Test_UsersIncentives_1&foris=1"
      },
      {
        "categoriePc": "compétitif, tour par tour, multijoueurs",
        "nomPc": "Legends of Runeterra",
        "urlPc": "https://playruneterra.com/fr-fr/"
      },
      {
        "categorieConsole": "compétitif, coopération, multijoueurs",
        "nomConsole": "Roquet League",
        "urlConsole": "https://www.rocketleague.com/fr/"
      },
      {
        "categorieConsole": "compétitif, coopération, multijoueurs",
        "nomConsole": "Call of Duty : Black Ops Cold War",
        "urlConsole": "https://www.callofduty.com/be/fr/blackopscoldwar"
      },
      {
        "categorieConsole": "compétitif, coopération, multijoueurs",
        "nomConsole": "Battlefield V",
        "urlConsole": "https://www.ea.com/fr-fr/games/battlefield"
      }
    ]
  },
  {
    "traqueur" : [
      {
        "categorieMobile": "compétitif, combat",
        "nomMobile": "Pokemon Go",
        "urlMobile": "https://play.google.com/store/apps/details?id=com.nianticlabs.pokemongo&gl=BE"
      },
      {
        "categorieMobile": "compétitif, action",
        "nomMobile": "Clash Royale",
        "urlMobile": "https://play.google.com/store/apps/details?id=com.supercell.clashroyale&gl=BE"
      },
      {
        "categorieMobile": "compétitif, combat, action",
        "nomMobile": "Shadow Fight 3",
        "urlMobile": "https://play.google.com/store/apps/details?id=com.nekki.shadowfight3&gl=BE"
      },
      {
        "categoriePc": "compétitif, action",
        "nomPc": "Among us",
        "urlPc": "https://innersloth.com/gameAmongUs.php"
      },
      {
        "categoriePc": "compététif, jeu de tir, action",
        "nomPc": "Garry's Mod",
        "urlPc": "https://gmod.facepunch.com"
      },
      {
        "categoriePc": "compététif, tour par tour, combat, action",
        "nomPc": "Goodgame Empire",
        "urlPc": "https://empire.goodgamestudios.com"
      },
      {
        "categorieConsole": "compétitif, action",
        "nomConsole": "Dead by Daylight",
        "urlConsole": "https://deadbydaylight.com/fr"
      },
      {
        "categorieConsole": "compétitif, jeu de tir, action",
        "nomConsole": "Monster Hunter : World",
        "urlConsole": "http://www.monsterhunterworld.com/fr/"
      },
      {
        "categorieConsole": "compétitif, tour par tour, jeu de tir, action",
        "nomConsole": "Worms W.M.D",
        "urlConsole": "https://www.team17.com/games/worms-w-m-d/"
      }
    ]
  },
  {
    "roliste" : [
      {
        "categorieMobile": "aventure, jeu de rôle, multijoueurs",
        "nomMobile": "AFK Arena",
        "urlMobile": "https://play.google.com/store/apps/details?id=com.lilithgame.hgame.gp&gl=BE"
      },
      {
        "categorieMobile": "aventure, jeu de rôle, multijoueurs",
        "nomMobile": "Summoners War",
        "urlMobile": "https://play.google.com/store/apps/details?id=com.com2us.smon.normal.freefull.google.kr.android.common&gl=BE"
      },
      {
        "categorieMobile": "aventure, jeu de rôle, coopération, multijoueurs",
        "nomMobile": "Raid Shadow Legends",
        "urlMobile": "https://play.google.com/store/apps/details?id=com.plarium.raidlegends&gl=BE"
      },
      {
        "categoriePc": "jeu de rôle, aventure, multijoueurs",
        "nomPc": "Les Sims 4",
        "urlPc": "https://www.ea.com/fr-fr/games/the-sims/the-sims-4"
      },
      {
        "categoriePc": "jeu de rôle, aventure, monde ouvert, coopération, multijoueurs",
        "nomPc": "World of Warcraft",
        "urlPc": "https://worldofwarcraft.com/fr-fr/"
      },
      {
        "categoriePc": "jeu de rôle, aventure, monde ouvert, coopération, multijoueurs",
        "nomPc": "Final Fantasy XIV online",
        "urlPc": "https://www.finalfantasyxiv.com/"
      },
      {
        "categorieConsole": "monde ouvert, aventure, jeu de rôle, coopération, multijoueurs",
        "nomConsole": "Genshin Impact",
        "urlConsole": "https://genshin.mihoyo.com/en/home"
      },
      {
        "categorieConsole": "aventure, jeu de rôle, coopération, multijoueurs",
        "nomConsole": "Animal Crossing : New Horizons",
        "urlConsole": "https://www.animal-crossing.com/new-horizons/fr/"
      },
      {
        "categorieConsole": "monde ouvert, aventure, jeu de rôle, multijoueurs",
        "nomConsole": "Grand Theft Auto V",
        "urlConsole": "https://www.rockstargames.com/fr/games/V"
      }
    ]
  },
  {
    "mercenaire" : [
      {
        "categorieMobile": "aventure, combat, action",
        "nomMobile": "Teamfight Tactics",
        "urlMobile": "https://play.google.com/store/apps/details?id=com.riotgames.league.teamfighttactics&gl=BE"
      },
      {
        "categorieMobile": "monde ouvert, aventure, jeu de tir, action",
        "nomMobile": "ARK : Survival Evolved",
        "urlMobile": "https://play.google.com/store/apps/details?id=com.studiowildcard.wardrumstudios.ark&gl=BE"
      },
      {
        "categorieMobile": "aventure, combat, action",
        "nomMobile": "Mobile Legends : Bang Ban",
        "urlMobile": "https://play.google.com/store/apps/details?id=com.mobile.legends&gl=BE"
      },
      {
        "categoriePc": "aventure, jeu de tir, action",
        "nomPc": "Call of Duty : Black Ops Cold War",
        "urlPc": "https://www.callofduty.com/be/fr/blackopscoldwar"
      },
      {
        "categoriePc": "monde ouvert, aventure, jeu de tir, combat, action",
        "nomPc": "The Forest",
        "urlPc": "https://endnightgames.com"
      },
      {
        "categoriePc": "monde ouvert, aventure, jeu de tir, action",
        "nomPc": "Shadow of the Tomb Raider",
        "urlPc": "https://tombraider.square-enix-games.com/fr"
      },
      {
        "categorieConsole": "monde ouvert, aventure, jeu de tir, action",
        "nomConsole": "Grand Theft Auto V",
        "urlConsole": "https://www.rockstargames.com/fr/games/V"
      },
      {
        "categorieConsole": "aventure, jeu de tir, combat, action",
        "nomConsole": "Splatoon 2",
        "urlConsole": "https://www.nintendo.be/fr/Jeux/Nintendo-Switch/Splatoon-2-1173295.html"
      },
      {
        "categorieConsole": "aventure, jeu de tir, action",
        "nomConsole": "Resident Evil Village",
        "urlConsole": "https://www.residentevil.com/village/fr/"
      }
    ]
  },
  {
    "boss" : [
      {
        "categorieMobile": "multijoueurs, combat, action",
        "nomMobile": "Mafia Crime War",
        "urlMobile": "https://play.google.com/store/apps/details?id=com.onemt.mafiacrimewar&gl=BE"
      },
      {
        "categorieMobile": "coopération, multijoueurs, combat, action",
        "nomMobile": "Brawlhalla",
        "urlMobile": "https://play.google.com/store/apps/details?id=air.com.ubisoft.brawl.halla.platform.fighting.action.pvp&gl=BE"
      },
      {
        "categorieMobile": "coopération, multijoueurs, combat, action",
        "nomMobile": "Brawl Stars",
        "urlMobile": "https://play.google.com/store/apps/details?id=com.supercell.brawlstars&gl=BE"
      },
      {
        "categoriePc": "coopération, multijoueurs, action",
        "nomPc": "Rocket League",
        "urlPc": "https://www.rocketleague.com/fr/"
      },
      {
        "categoriePc": "coopération, multijoueurs, jeu de tir, action",
        "nomPc": "For Honor",
        "urlPc": "https://www.ubisoft.com/en-gb/game/for-honor"
      },
      {
        "categoriePc": "coopération, multijoueurs, action",
        "nomPc": "Galactic Civilizations 3",
        "urlPc": "https://www.galciv3.com"
      },
      {
        "categorieConsole": "coopération, multijoueurs, combat, action",
        "nomConsole": "Super Smash Bros. Ultimate",
        "urlConsole": "https://www.smashbros.com/fr_FR/"
      },
      {
        "categorieConsole": "multijoueurs, jeu de tir, action, compétition",
        "nomConsole": "Overwatch",
        "urlConsole": "https://playoverwatch.com/fr-fr/"
      },
      {
        "categorieConsole": "multijoueurs, jeu de tir, action, compétition",
        "nomConsole": "Call of Duty : Black Ops Cold War",
        "urlConsole": "https://www.callofduty.com/be/fr/blackopscoldwar"
      }
    ]
  },
  {
    "performeur" : [
      {
        "categorieMobile": "compétitif, tour par tour, stratégie",
        "nomMobile": "Teamfight Tactics",
        "urlMobile": "https://play.google.com/store/apps/details?id=com.riotgames.league.teamfighttactics&gl=BE"
      },
      {
        "categorieMobile": "compétitif, stratégie",
        "nomMobile": "Tactile Wars",
        "urlMobile": "https://play.google.com/store/apps/details?id=com.ankama.tactilwar&gl=BE"
      },
      {
        "categorieMobile": "compétitif, stratégie",
        "nomMobile": "Lords Mobile : Guerre des Royaumes",
        "urlMobile": "https://play.google.com/store/apps/details?id=com.igg.android.lordsmobile&gl=BE"
      },
      {
        "categoriePc": "compétitif, tour par tour, stratégie",
        "nomPc": "Dofus",
        "urlPc": "https://www.dofus.com/fr"
      },
      {
        "categoriePc": "compétitif, stratégie",
        "nomPc": "Overwatch",
        "urlPc": "https://playoverwatch.com/fr-fr/"
      },
      {
        "categoriePc": "compétitif, stratégie",
        "nomPc": "Valorant",
        "urlPc": "https://playvalorant.com/en-us/"
      },
      {
        "categorieConsole": "compétitif",
        "nomConsole": "Mario Kart 8 Deluxe",
        "urlConsole": "https://www.nintendo.be/fr/Jeux/Nintendo-Switch/Mario-Kart-8-Deluxe-1173281.html"
      },
      {
        "categorieConsole": "compétitif",
        "nomConsole": "Just Dance",
        "urlConsole": "https://www.ubisoft.com/fr-fr/game/just-dance/2021"
      },
      {
        "categorieConsole": "compétitif, stratégie",
        "nomConsole": "Rocket League",
        "urlConsole": "https://www.rocketleague.com/fr/"
      }
    ]
  },
  {
    "aventurier" : [
      {
        "categorieMobile": "monde ouvert, aventure",
        "nomMobile": "Pokemon Go",
        "urlMobile": "https://play.google.com/store/apps/details?id=com.nianticlabs.pokemongo&gl=BE"
      },
      {
        "categorieMobile": "aventure, jeu de rôle",
        "nomMobile": "Tinker Island",
        "urlMobile": "https://play.google.com/store/apps/details?id=com.kongregate.mobile.tinkerisland.google&gl=BE"
      },
      {
        "categorieMobile": "monde ouvert, aventure, jeu de rôle",
        "nomMobile": "Genshin Impact",
        "urlMobile": "https://play.google.com/store/apps/details?id=com.miHoYo.GenshinImpact&gl=BE"
      },
      {
        "categoriePc": "monde ouvert, aventure",
        "nomPc": "Minecraft",
        "urlPc": "https://www.minecraft.net/fr-fr"
      },
      {
        "categoriePc": "monde ouvert, aventure",
        "nomPc": "Subnautica: Below Zero",
        "urlPc": "https://www.subnautica.com/?utm_source=google&utmMedium=paid&utm_campaign=Google_Search_Brand_General&utm_content=514312057565&gclid=CjwKCAjwhYOFBhBkEiwASF3KGZLumMq49UzAMns_-6H6HPwTSicEXEu_bofYIZU4_LA0tIiItVOqChoC5XwQAvD_BwE"
      },
      {
        "categoriePc": "monde ouvert, aventure",
        "nomPc": "ARK : Survival Evolved",
        "urlPc": "http://playark.com/"
      },
      {
        "categorieConsole": "monde ouvert, aventure",
        "nomConsole": "The Legend of Zelda : Breath of the Wild",
        "urlConsole": "https://www.nintendo.be/fr/Jeux/Nintendo-Switch/The-Legend-of-Zelda-Breath-of-the-Wild-1173609.html"
      },
      {
        "categorieConsole": "monde ouvert, aventure",
        "nomConsole": "Assassin's Creed Valhalla",
        "urlConsole": "https://www.ubisoft.com/en-us/game/assassins-creed/valhalla"
      },
      {
        "categorieConsole": "monde ouvert, aventure",
        "nomConsole": "Red Dead Redemption 2",
        "urlConsole": "https://www.rockstargames.com/reddeadredemption2/"
      }
    ]
  },
  {
    "coequipier" : [
      {
        "categorieMobile": "multijoueurs",
        "nomMobile": "Draw Something Classic",
        "urlMobile": "https://play.google.com/store/apps/details?id=com.omgpop.dstfree&gl=BE"
      },
      {
        "categorieMobile": "coopération, multijoueurs",
        "nomMobile": "Brawl Stars",
        "urlMobile": "https://play.google.com/store/apps/details?id=com.supercell.brawlstars&gl=BE"
      },
      {
        "categorieMobile": "coopération, multijoueurs",
        "nomMobile": "Rush Royale",
        "urlMobile": "https://play.google.com/store/apps/details?id=com.my.defense&gl=BE"
      },
      {
        "categoriePc": "coopération, multijoueurs",
        "nomPc": "League of Legends",
        "urlPc": "https://na.leagueoflegends.com/fr-fr/"
      },
      {
        "categoriePc": "coopération, multijoueurs",
        "nomPc": "Valorant",
        "urlPc": "https://playvalorant.com/en-us/"
      },
      {
        "categoriePc": "coopération, multijoueurs",
        "nomPc": "Biped",
        "urlPc": "https://www.nextstudios.com/biped/index_en.html"
      },
      {
        "categorieConsole": "coopération, multijoueurs",
        "nomConsole": "Cuphead",
        "urlConsole": "http://cupheadgame.com/"
      },
      {
        "categorieConsole": "coopération, multijoueurs",
        "nomConsole": "Overwatch",
        "urlConsole": "https://playoverwatch.com/fr-fr/"
      },
      {
        "categorieConsole": "coopération, multijoueurs",
        "nomConsole": "Overcooked 2",
        "urlConsole": "https://www.team17.com/games/overcooked-2/"
      }
    ]
  },
  {
    "tueur" : [
      {
        "categorieMobile": "jeu de tir, action",
        "nomMobile": "Warface",
        "urlMobile": "https://play.google.com/store/apps/details?id=com.my.warface.online.fps.pvp.action.shooter&gl=BE"
      },
      {
        "categorieMobile": "combat, action",
        "nomMobile": "Raid Shadow Legends",
        "urlMobile": "https://play.google.com/store/apps/details?id=com.plarium.raidlegends&gl=BE"
      },
      {
        "categorieMobile": "combat, action",
        "nomMobile": "Shadow Fight 3",
        "urlMobile": "https://play.google.com/store/apps/details?id=com.nekki.shadowfight3&gl=BE"
      },
      {
        "categoriePc": "jeu de tir, action",
        "nomPc": "Tom Clancy's Rainbow Six Siege",
        "urlPc": "https://www.ubisoft.com/fr-fr/game/rainbow-six/siege"
      },
      {
        "categoriePc": "jeu de tir, action",
        "nomPc": "World of Tanks",
        "urlPc": "https://worldoftanks.eu/join/8076_FR1?pub_id=wot_ong_eu_fr-be_g_s-b_acq_kw_world_of_tanks&xid_source=google&xidMedium=cpc&xid_network=g&xid_campaign_id=200968242&xid_adgroup_id=12889901202&xid_ad_id=425033366140&xid_target_id=kwd-19594335510&xid_keyword=world+of+tanks&xid_placement=&xid_device_type=c&xid_position=&xid_region=1001400&xid_position_type=-&xid_target=&xid_feeditemid=&xidMatchtype=e&xid_clickid=CjwKCAjwhYOFBhBkEiwASF3KGWyITidpBxJvkj3DhOU6xQ7QiGV5w8j9JhLEm5qwQ7PiJsJxS0XKaBoCtGEQAvD_BwE&url=https://worldoftanks.eu&gclid=CjwKCAjwhYOFBhBkEiwASF3KGWyITidpBxJvkj3DhOU6xQ7QiGV5w8j9JhLEm5qwQ7PiJsJxS0XKaBoCtGEQAvD_BwE&sid=SIDtbqmWlTvYTXkrP4SL_RUdclpk5AEYEaUsEn5bEpL3JFWol1v0joNFAhWF3oaUvtOXTcJGHfNpelWl3dnzPXlL49c9MB_141tOfKYV82i3M1V_XpZeDsqKX1F6I2athQ4MFsBqfCUvH-hsoFoopnuHV-ZWQ&enctid=cbeq5zukq9fl&lpsn=WOT+ACQ+WW+About+Game+AB-Test_UsersIncentives_1&foris=1"
      },
      {
        "categoriePc": "jeu de tir, action",
        "nomPc": "Fortnite",
        "urlPc": "https://www.epicgames.com/fortnite/fr/home"
      },
      {
        "categorieConsole": "jeu de tir, action",
        "nomConsole": "Call of Duty : Black Ops Cold War",
        "urlConsole": "https://www.callofduty.com/be/fr/blackopscoldwar"
      },
      {
        "categorieConsole": "combat, action",
        "nomConsole": "Mortal Kombat 11",
        "urlConsole": "https://www.mortalkombat.com/"
      },
      {
        "categorieConsole": "jeu de tir, action",
        "nomConsole": "APEX : Legends",
        "urlConsole": "https://www.ea.com/fr-fr/games/apex-legends"
      }
    ]
  }
]